lat,lng,name
28.216691,113.044849,长沙市芙蓉区
28.212801,113.093814,长沙市芙蓉区
28.191709,113.031302,长沙市芙蓉区
28.22252,113.02746,长沙市芙蓉区
28.216767,113.092715,星沙大道2
28.200892,113.065715,长沙市芙蓉区
28.213032,113.100122,长沙市芙蓉区
28.215984,113.027178,长沙市芙蓉区
28.201615,113.028951,长沙市芙蓉区
28.201155,113.044758,长沙市芙蓉区
28.206735,113.072184,长沙市芙蓉区
28.194999,113.030901,长沙市芙蓉区
28.201408,113.043325,长沙市芙蓉区
28.202733,113.043234,长沙市芙蓉区
28.193065,113.034233,长沙市芙蓉区
28.194617,113.035349,长沙市芙蓉区
28.211314,113.038351,长沙市芙蓉区
28.192534,113.026863,长沙市芙蓉区
28.180709,113.089992,长沙市芙蓉区
28.200681,113.088024,长沙市芙蓉区
28.193513,113.036098,长沙市芙蓉区
28.201498,113.037783,长沙市芙蓉区
28.217124,113.01849,长沙市芙蓉区
28.217991,113.016559,芙蓉车站北路与火炬路交汇处(烈士公园东门对面)
28.197562,113.062363,长沙市芙蓉区
28.203512,113.046524,长沙市芙蓉区
28.20678,113.055645,长沙市芙蓉区
28.196533,113.02716,长沙市芙蓉区
28.200476,113.105305,长沙市芙蓉区
28.208816,113.030258,长沙市芙蓉区
28.208106,113.088697,长沙市芙蓉区
28.189531,113.095361,长沙市芙蓉区
28.195689,113.029925,长沙市芙蓉区
28.193274,113.029581,长沙市芙蓉区
28.206661,113.029956,长沙市芙蓉区
28.208222,113.072709,长沙市芙蓉区
28.201719,113.094371,长沙市芙蓉区
28.213085,113.038478,长沙市芙蓉区
28.20387,113.027724,长沙市芙蓉区
28.207726,113.040132,长沙市芙蓉区
28.197215,113.039493,长沙市芙蓉区
28.213435,113.045423,长沙市芙蓉区
28.2151,113.020057,长沙市芙蓉区
28.209413,113.029729,长沙市芙蓉区
28.209551,113.075313,长沙市芙蓉区
28.21669,113.019576,长沙市芙蓉区
28.193729,113.030403,长沙市芙蓉区
28.21401,113.031405,长沙市芙蓉区
28.210292,113.028333,长沙市芙蓉区
28.201842,112.995013,长沙市芙蓉区
28.198195,113.030897,长沙市芙蓉区
28.205945,113.036801,长沙市芙蓉区
28.200078,113.042126,长沙市芙蓉区
28.202023,113.10828,长沙市芙蓉区
28.200419,113.043488,长沙市芙蓉区
28.199745,113.044384,长沙市芙蓉区
28.203154,113.049238,湖南省长沙市芙蓉区远大一路鑫科・明珠
28.214749,113.099662,长沙市芙蓉区
28.19532,113.050446,长沙市芙蓉区
28.198668,113.050885,长沙市芙蓉区
28.192547,113.005103,长沙市芙蓉区
28.203936,113.048828,长沙市芙蓉区
28.21069,113.073359,长沙市芙蓉区
28.193564,113.029235,湖南省长沙市芙蓉区德政街
28.202455,113.046028,长沙市芙蓉区
28.213572,113.029202,长沙市芙蓉区
28.205025,113.027432,长沙市芙蓉区
28.202369,113.06775,长沙市芙蓉区
28.206955,113.034014,长沙市芙蓉区
28.203323,113.093027,长沙市芙蓉区
28.193302,113.030017,长沙市芙蓉区
28.195311,113.046765,长沙市芙蓉区
28.211193,113.039855,长沙市芙蓉区
28.194505,113.039413,长沙市芙蓉区
28.202875,113.046949,长沙市芙蓉区
28.195753,113.043221,长沙市芙蓉区
28.220861,113.022006,长沙市芙蓉区
28.209225,113.030268,长沙市芙蓉区
28.195242,113.042033,嘉雨路与法院路交叉口东北200米
28.19509,113.049009,长沙市芙蓉区
28.195598,113.049017,长沙市芙蓉区
28.193463,113.043731,长沙市芙蓉区
28.194792,113.049832,长沙市芙蓉区
28.196597,113.039479,湖南省长沙市芙蓉区万家丽中路付家湾小区(景天大酒店西南)
28.208813,113.088896,长沙市芙蓉区
28.194516,113.050578,湖南省长沙市芙蓉区纵一路高岭小区蒙福幼稚园附近
28.202754,113.061054,长沙市芙蓉区
28.206608,113.058758,长沙市芙蓉区
28.200138,113.000569,韭菜园街道五一大道343号
28.198374,113.033104,长沙市芙蓉区
28.194841,113.047416,长沙市芙蓉区
28.204753,113.033543,长沙市芙蓉区
28.197147,113.049556,长沙市芙蓉区
28.209726,113.044487,长沙市芙蓉区
28.196314,113.032697,长沙市芙蓉区
28.19896,113.028422,德政街197号
28.21968,113.031849,湖南省长沙市芙蓉区王家湖路芙蓉苑(紫薇华天大酒店西北)
28.200321,112.985787,犁头街7号新世纪百货旁
28.202834,113.078067,长沙市芙蓉区
28.192532,113.026867,长沙市芙蓉区
28.218102,113.029415,长沙市芙蓉区
28.202415,113.066156,长沙市芙蓉区
28.194449,113.045029,湖南省长沙市芙蓉区法院路
28.196881,113.049512,长沙市芙蓉区
28.195164,113.031621,长沙市芙蓉区
28.207735,113.038427,长沙市芙蓉区
28.198052,113.043375,长沙市芙蓉区
28.193324,113.027348,长沙市芙蓉区
28.196623,113.04244,湖南省长沙市芙蓉区东屯渡街道嘉雨路扬帆小区
28.213291,113.025597,长沙市芙蓉区
28.194395,113.037198,长沙市芙蓉区
28.192198,113.026166,长沙市芙蓉区
28.195221,113.044027,湖南省长沙市芙蓉区
28.202684,113.047798,长沙市芙蓉区
28.210161,113.038676,长沙市芙蓉区
28.208013,113.038561,长沙市芙蓉区
28.192782,113.028146,长沙市芙蓉区
28.216098,113.031546,长沙市芙蓉区
28.21014,113.040718,长沙市芙蓉区
28.193976,113.044371,长沙市芙蓉区
28.338656,112.973289,长沙市开福区
28.236175,113.063132,长沙市开福区
28.343153,112.976596,长沙市开福区
28.257458,112.985874,长沙市开福区
28.299771,113.015408,长沙市开福区
28.291317,112.98533,开福幸福考拉位于开福区北二环1002号（芙蓉北路北二环交汇东北角）
28.275921,112.981703,长沙市开福区
28.238126,112.994607,长沙市开福区
28.314954,113.042557,长沙市开福区
28.236065,113.043384,长沙市开福区
28.259294,113.020321,长沙市开福区
28.253445,112.995554,长沙市开福区
28.233437,113.011098,长沙市开福区
28.234243,113.017309,长沙市开福区
28.348068,112.960877,长沙市开福区
28.274236,112.989232,长沙市开福区
28.241068,112.997142,长沙市开福区
28.233882,113.016146,长沙市开福区
28.229545,112.999699,东风路与东风路七条巷交叉口南50米
28.222131,112.997482,长沙市开福区
28.334697,112.953714,长沙市开福区
28.243818,113.015019,长沙市开福区
28.23106,112.990137,长沙市开福区
28.248934,113.045548,长沙市开福区
28.286581,112.984552,长沙市开福区
28.345989,113.003634,长沙市开福区
28.292471,112.979251,长沙市开福区
28.213635,112.988294,长沙市开福区
28.263556,112.992981,长沙市开福区
28.292329,112.97968,长沙市开福区
28.285042,112.982195,长沙市开福区
28.214041,112.995008,长沙市开福区
28.233089,113.040512,长沙市开福区
28.21337,112.994681,长沙市开福区
28.27232,112.988257,网船班路10号
28.350917,112.979654,长沙市开福区
28.22338,112.984766,长沙市开福区
28.305916,112.996529,长沙市开福区
28.252917,112.991761,长沙市开福区
28.236162,113.04471,长沙市开福区
28.226515,112.99115,长沙市开福区
28.247267,113.039646,长沙市开福区
28.345893,112.940503,长沙市开福区
28.253069,113.001444,长沙市开福区
28.274211,112.98743,长沙市开福区
28.285542,112.980865,长沙市开福区兴隆路52号
28.313329,112.971638,长沙市开福区
28.368571,112.974082,长沙市开福区
28.225952,112.997188,长沙市开福区
28.256227,112.986665,长沙市开福区
28.336268,112.981707,长沙市开福区
28.346624,113.001546,湖南省长沙市开福区中青路1277号附近
28.218168,112.987822,长沙市开福区
28.343617,112.93781,长沙市开福区
28.313269,112.986323,长沙市开福区
28.308351,112.968371,长沙市开福区
28.257106,113.012117,长沙市开福区
28.207952,112.98847,长沙市开福区
28.258917,113.049384,洪山路与福元中路交叉口西50米
28.241462,112.991819,长沙市开福区
28.27015,112.989777,长沙市开福区
28.258813,112.984903,湖南省长沙市开福区世纪金源购物中心富湾国际1栋
28.244869,113.05412,长沙市开福区
28.214155,112.997205,长沙市开福区
28.260219,113.001179,长沙市开福区
28.331457,112.959975,湖南省长沙市开福区华宁路6号
28.262624,112.996046,长沙市开福区
28.290112,112.976944,长沙市开福区
28.311773,112.976592,长沙市开福区
28.355344,112.982606,长沙市开福区
28.245808,113.021177,湖南省长沙市开福区四方坪世方水岸(栖凤路南)
28.267625,112.987609,长沙市开福区
28.377768,112.976138,长沙市开福区
28.213813,112.991123,长沙市开福区
28.253476,113.041985,山月路洪山翠园别墅小区85号
28.234769,112.992649,长沙市开福区
28.265958,112.982852,长沙市开福区
28.250229,113.046486,长沙市开福区
28.339903,113.014366,自明路100号
28.282289,112.985646,长沙市开福区
28.219096,113.002336,湖南省长沙市开福区东风路街道德雅路127号
28.22116,112.998158,长沙市开福区
28.252235,113.004342,长沙市开福区
28.275987,112.983219,长沙市开福区
28.238262,113.013058,长沙市开福区
28.225004,112.994343,长沙市开福区
28.312627,112.97375,长沙市开福区
28.247288,113.046406,长沙市开福区
28.224292,112.99318,长沙市开福区
28.224851,113.005627,长沙市开福区
28.238387,112.990635,长沙市开福区
28.232221,112.988247,长沙市开福区
28.253144,112.994205,长沙市开福区
28.239519,112.991979,长沙市开福区
28.262408,112.987437,湘江北路
28.234279,113.048567,长沙市开福区
28.26038,112.999775,长沙市开福区
28.243503,113.004324,长沙市开福区
28.249634,113.053213,长沙市开福区
28.265808,112.98469,长沙市开福区
28.249567,113.04827,长沙市开福区
28.313309,112.986237,长沙市开福区
28.244386,113.015232,长沙市开福区
28.251365,113.04612,长沙市开福区
28.297811,112.998972,长沙市开福区
28.273436,112.981708,长沙市开福区
28.244072,113.01454,长沙市开福区
28.274739,112.979881,长沙市开福区
28.225826,113.007599,长沙市开福区
28.343281,112.936883,长沙市开福区
28.242589,113.013248,长沙市开福区
28.266277,112.983275,长沙市开福区
28.231026,112.988384,长沙市开福区
28.231285,112.994387,长沙市开福区
28.269637,112.984191,长沙市开福区
28.250394,113.044808,长沙市开福区
28.331635,112.959734,湖南省长沙市开福区新安路6号
28.240565,113.014407,长沙市开福区
28.274252,112.982692,长沙市开福区
28.229846,112.987343,湖南省长沙市开福区湘江中路和华夏路交界处
28.027556,113.274582,长沙市浏阳市
28.165513,113.626571,长沙市浏阳市
28.149878,113.651268,其他浏阳市将军路天马大桥东侧
28.138777,113.640271,长沙市浏阳市
28.172628,113.652992,长沙市浏阳市道吾山东路81号
28.324017,113.355655,长沙市浏阳市
28.170402,113.641781,长沙市浏阳市
28.172152,113.660827,长沙市浏阳市
28.137077,113.640115,长沙市浏阳市
28.173876,113.643223,长沙市浏阳市
28.148115,113.642635,长沙市浏阳市
28.179423,113.6472,长沙市浏阳市
28.148602,113.642994,长沙市浏阳市
28.143378,113.644104,长沙市浏阳市
28.462834,114.016,湖南省长沙市浏阳市都佳大围山路东门古镇
28.215956,113.334969,长沙市浏阳市
28.166859,113.631159,长沙市浏阳市
28.151124,113.641444,长沙市浏阳市
28.218275,113.307867,长沙市浏阳市
28.163831,113.638244,长沙市浏阳市
28.17146,113.658029,长沙市浏阳市
28.167359,113.612232,长沙市浏阳市
28.173468,113.647476,长沙市浏阳市
28.17857,113.647243,长沙市浏阳市
28.222828,113.299667,长沙市浏阳市
28.177243,113.645146,长沙市浏阳市
28.168083,113.629119,长沙市浏阳市
28.154032,113.646886,淮东中路23-25号
28.140861,113.641214,长沙市浏阳市
28.15568,113.637076,长沙市浏阳市
28.165032,113.634466,长沙市浏阳市
28.163679,113.637389,长沙市浏阳市
28.208266,113.30861,长沙市浏阳市
28.062022,113.575658,长沙市浏阳市
28.22085,113.394091,长沙市浏阳市
28.1633,113.609495,长沙市浏阳市
28.168303,113.655649,长沙市浏阳市
28.167511,113.641619,长沙市浏阳市
28.225831,113.396645,长沙市浏阳市
28.16054,113.629344,长沙市浏阳市
28.223629,113.388233,长沙市浏阳市
28.325573,113.498579,长沙市浏阳市
28.167795,113.632651,长沙市浏阳市
28.148897,113.648165,长沙市浏阳市
28.14883,113.632993,长沙市浏阳市
28.146119,113.649841,长沙市浏阳市
28.157904,113.643526,长沙市浏阳市
28.219842,113.294952,长沙市浏阳市
28.211307,113.419291,长沙市浏阳市
28.170519,113.630915,长沙市浏阳市
28.159048,113.615786,长沙市浏阳市
28.156786,113.636537,长沙市浏阳市
28.171145,113.628819,长沙市浏阳市
28.160722,113.620189,长沙市浏阳市
28.157319,113.638999,长沙市浏阳市
28.157316,113.635434,长沙市浏阳市
28.158556,113.62963,长沙市浏阳市
28.152224,113.64258,长沙市浏阳市
28.161534,113.613687,长沙市浏阳市
28.146092,113.64723,长沙市浏阳市
28.144732,113.634413,长沙市浏阳市
28.1476,113.649315,长沙市浏阳市
28.175082,113.65195,长沙市浏阳市
28.146872,113.648263,长沙市浏阳市
28.170755,113.626866,湖南省长沙市浏阳市白沙西路
28.172245,113.638939,长沙市浏阳市
28.158974,113.631229,长沙市浏阳市
28.164805,113.631042,长沙市浏阳市
28.218145,113.291422,长沙市浏阳市
28.175759,113.637573,湖南省长沙市浏阳市集里街道浏阳大道碧桂园
28.153775,113.640722,长沙市浏阳市
27.995023,113.734189,长沙市浏阳市
28.32528,113.825985,长沙市浏阳市
28.142732,113.637185,长沙市浏阳市
28.168629,113.636857,长沙市浏阳市
28.150912,113.629507,长沙市浏阳市
28.156275,113.636851,长沙市浏阳市
28.148161,113.633157,长沙市浏阳市
28.14777,113.647572,长沙市浏阳市
28.164156,113.639416,长沙市浏阳市
27.99832,113.72699,长沙市浏阳市
27.941951,113.310319,长沙市浏阳市
28.154822,113.641375,长沙市浏阳市
28.164113,113.625336,长沙市浏阳市
28.169624,113.633737,长沙市浏阳市
28.143781,113.635449,长沙市浏阳市
27.998554,113.72829,长沙市浏阳市
28.14404,113.639793,长沙市浏阳市
28.222023,113.410422,长沙市浏阳市
28.157457,113.615987,长沙市浏阳市
28.163907,113.64766,长沙市浏阳市
28.163854,113.612123,长沙市浏阳市
28.154483,113.622411,长沙市浏阳市
28.143797,113.636674,长沙市浏阳市
28.158997,113.626336,长沙市浏阳市
28.295107,113.857448,长沙市浏阳市
28.154466,113.634336,长沙市浏阳市
28.171727,113.651651,长沙市浏阳市
28.153798,113.627806,长沙市浏阳市
28.133108,113.639611,长沙市浏阳市
28.155479,113.621235,长沙市浏阳市
28.17279,113.665024,长沙市浏阳市
28.164621,113.634708,湖南省长沙市浏阳市联民路君悦华府(创意・君悦城附近)
28.176156,113.643863,长沙市浏阳市
28.15846,113.654051,长沙市浏阳市
28.164159,113.652624,长沙市浏阳市
28.154165,113.633413,湖南省长沙市浏阳市北正北路43
28.160125,113.624975,长沙市浏阳市
28.161563,113.621589,长沙市浏阳市
28.151408,113.632935,长沙市浏阳市
28.167009,113.635394,长沙市浏阳市
28.132603,113.639426,长沙市浏阳市
28.162671,113.630775,长沙市浏阳市
28.222442,113.309936,长沙市浏阳市
28.2112,113.419931,湖南省长沙市浏阳市浏阳工业园安阳家园安置小区一期
28.154006,113.642198,长沙市浏阳市
28.167993,113.654826,长沙市浏阳市
28.130757,113.565745,长沙市浏阳市
28.165071,113.639878,长沙市浏阳市
28.16181,113.631092,长沙市浏阳市
28.282295,112.592309,长沙市宁乡县
28.237892,112.536927,长沙市宁乡县
28.28601,112.574875,长沙市宁乡县
28.274758,112.563997,玉谭镇花明北路与东沩西路交汇东北角
28.243917,112.564708,长沙市宁乡县
28.274039,112.54456,长沙市宁乡县
28.278463,112.563689,长沙市宁乡县
28.279863,112.558411,长沙市宁乡县
28.278639,112.569473,长沙市宁乡县
28.248265,112.559014,长沙市宁乡县
28.289126,112.65085,长沙市宁乡县
28.280637,112.574035,长沙市宁乡县
28.268605,112.535183,长沙市宁乡县
28.249363,112.54525,长沙市宁乡县
28.27355,112.560459,长沙市宁乡县
28.270246,112.575445,长沙市宁乡县
28.289072,112.570552,长沙市宁乡县
28.250326,112.550915,长沙市宁乡市金凤路50号
28.2766,112.556541,长沙市宁乡县
28.273902,112.569017,长沙市宁乡县
28.267164,112.550907,长沙市宁乡县
27.997241,112.345615,长沙市宁乡县
28.257483,112.565475,长沙市宁乡县
28.252697,112.559475,长沙市宁乡县
28.279346,112.645089,长沙市宁乡县
28.277161,112.56026,长沙市宁乡县
28.285454,112.655885,长沙市宁乡县
28.281823,112.547876,长沙市宁乡县
28.274927,112.570351,长沙市宁乡县
28.283054,112.580515,长沙市宁乡县
28.284773,112.594196,长沙市宁乡县
28.238251,112.553378,长沙市宁乡县
28.273954,112.567096,玉潭镇人民北路188号
28.28036,112.560356,长沙市宁乡县
28.279668,112.566046,长沙市宁乡县
28.275837,112.549753,长沙市宁乡县
28.246221,112.54826,长沙市宁乡县
28.263227,112.569642,长沙市宁乡县
28.242375,112.556772,长沙市宁乡县
28.233323,112.547289,宁乡宁乡市白马桥仁福村白马大道汽车南站南100米
28.25973,112.535182,长沙市宁乡县
28.266108,112.575523,长沙市宁乡县
28.278969,112.548041,长沙市宁乡县
28.285505,112.687384,长沙市宁乡县
28.280526,112.567997,长沙市宁乡县
28.274286,112.554859,长沙市宁乡县
28.2693,112.557168,长沙市宁乡县
28.261525,112.549871,长沙市宁乡县
28.244237,112.546441,长沙市宁乡县
28.235711,112.551337,长沙市宁乡县
28.277855,112.534633,长沙市宁乡县
28.27165,112.655109,长沙市宁乡县
28.278089,112.556248,长沙市宁乡县
28.278782,112.572329,长沙市宁乡县
28.27026,112.573439,长沙市宁乡市东沩东路40号
28.266248,112.549513,长沙市宁乡县
28.25503,112.548502,长沙市宁乡县
28.288606,112.564643,长沙市宁乡县
27.993786,112.341601,长沙市宁乡县
28.29031,112.567492,长沙市宁乡县
28.263428,112.559825,长沙市宁乡县
28.277197,112.569553,长沙市宁乡县
28.246095,112.573872,长沙市宁乡县
28.275831,112.677161,湖南省长沙市宁乡市泉洲路
28.261281,112.563867,长沙市宁乡县
28.251649,112.57987,长沙市宁乡县
28.28896,112.580466,长沙市宁乡县
28.27274,112.550357,长沙市宁乡县
28.257993,112.537155,长沙市宁乡县
28.25931,112.550846,长沙市宁乡县
28.287039,112.568586,长沙市宁乡县
28.285046,112.568771,长沙市宁乡县
28.287034,112.592067,长沙市宁乡县
27.996564,112.3377,长沙市宁乡县
28.260207,112.553876,长沙市宁乡县
28.26769,112.551659,长沙市宁乡县
28.282003,112.550978,长沙市宁乡县
28.274495,112.552421,长沙市宁乡县
28.268007,112.546367,长沙市宁乡县
28.250697,112.552854,长沙市宁乡县
28.246235,112.578743,长沙市宁乡县
27.99863,112.357373,长沙市宁乡县
28.313067,112.577081,长沙市宁乡县
28.26322,112.551261,长沙市宁乡县
28.272648,112.56261,长沙市宁乡县
28.247006,112.574771,长沙市宁乡县
28.289074,112.690859,长沙市宁乡县
28.258725,112.568055,长沙市宁乡市玉潭中路17-3号
28.244714,112.558025,白马桥正农社区
28.280215,112.549035,长沙市宁乡县
28.238527,112.537898,长沙市宁乡市
28.273229,112.575282,长沙市宁乡县
28.248093,112.547683,长沙市宁乡县
28.251884,112.552006,长沙市宁乡县
28.242975,112.559659,长沙市宁乡县
28.289469,112.568231,长沙市宁乡县
28.270166,112.55564,长沙市宁乡县
28.265623,112.573628,长沙市宁乡县
28.271683,112.558399,长沙市宁乡县
28.238023,112.547407,长沙市宁乡县
28.265634,112.550245,长沙市宁乡县
28.284789,112.570778,湖南省长沙市宁乡市城郊街道宁乡大道东方现代城
28.266276,112.543916,长沙市宁乡县
28.276821,112.566467,长沙市宁乡县
28.280044,112.573444,长沙市宁乡县
28.236424,112.546258,长沙市宁乡县
28.265302,112.5712,长沙市宁乡县
28.275621,112.572065,长沙市宁乡县
28.236849,112.537203,长沙市宁乡县
28.251023,112.578897,长沙市宁乡县
28.268987,112.557866,长沙市宁乡县
28.238775,112.547942,长沙市宁乡县
28.28237,112.549312,长沙市宁乡县
28.253516,112.563209,长沙市宁乡县
28.266961,112.541094,长沙市宁乡县
28.270679,112.535986,长沙市宁乡县
28.24934,112.561325,长沙市宁乡县
28.26994,112.551298,长沙市宁乡县
28.271992,112.555343,长沙市宁乡县
28.269294,112.560643,长沙市宁乡县
28.172206,112.975421,长沙市天心区
28.128242,112.981115,长沙市天心区
28.150377,112.998823,长沙市天心区
28.152513,112.990219,长沙市天心区
28.129354,112.992751,长沙市天心区
28.153882,112.985908,长沙市天心区
28.168349,112.973921,长沙市天心区
28.14501,112.988497,长沙市天心区
28.175048,112.990137,长沙市天心区
28.149268,112.997906,竹塘西路180号
28.145248,112.992659,长沙市天心区
28.154672,112.990441,长沙市天心区
28.135678,112.974742,长沙市天心区
28.128426,113.006737,长沙市天心区
28.177786,112.985925,天心区仰天湖新村1号(贺龙体育馆对面)
28.149753,112.990127,长沙市天心区
28.198422,112.979425,长沙市天心区
28.173071,112.977358,长沙市天心区
28.178478,112.989786,长沙市天心区
28.094409,113.007363,长沙市天心区
28.132163,113.001749,长沙市天心区
28.170581,112.987564,长沙市天心区
28.164659,112.977461,长沙市天心区
28.176568,112.985739,长沙市天心区
28.151611,112.985394,长沙市天心区
28.134204,112.975055,长沙市天心区
28.14869,112.99658,竹塘西路180号
28.17788,112.989394,长沙市天心区
28.142506,112.984322,长沙市天心区
28.170322,112.991746,长沙市天心区
28.160033,112.987916,长沙市天心区
28.131192,112.997199,长沙市天心区
28.140078,112.999483,长沙市天心区
28.128614,113.004753,长沙市天心区
28.151763,112.98269,长沙市天心区
28.176459,112.977036,长沙市天心区
28.150804,112.978377,长沙市天心区
28.164579,112.978972,长沙市天心区
28.10253,112.99233,长沙市天心区
28.173103,112.977713,长沙市天心区
28.189308,112.990852,长沙市天心区
28.190805,112.99078,长沙市天心区
28.149209,112.986385,长沙市天心区
28.170968,112.986462,长沙市天心区
28.130614,112.999994,长沙市天心区
28.176669,112.986707,长沙市天心区
28.134265,113.009704,天心区韶山南路120号(韶山南路与木莲冲路交接处)
28.158183,112.988595,长沙市天心区
28.176409,112.981312,湖南省长沙市天心区南湖路与书院路搭界处
28.186558,112.990861,长沙市天心区红龙庙巷21号
28.126446,113.011509,长沙市天心区
28.170039,112.990003,长沙市天心区
28.198822,112.975684,长沙市天心区
28.17756,112.983847,长沙市天心区
28.176729,112.975387,长沙市天心区
28.144837,113.002723,长沙市天心区
28.128754,112.973201,长沙市天心区
28.146315,112.988275,长沙市天心区
28.175402,112.991267,长沙市天心区
28.105008,112.97958,书香路与黑石铺路交叉口东200米
28.189475,112.986399,长沙市天心区
28.16964,112.989459,长沙市天心区
28.13308,112.998933,长沙市天心区
28.191826,112.983791,长沙市天心区
28.185773,112.990155,长沙市天心区
28.159518,112.979056,长沙市天心区
28.169605,112.992033,长沙市天心区
28.174964,112.990663,长沙市天心区
28.191077,112.98583,长沙市天心区
28.198312,112.981375,长沙市天心区
28.128861,112.999608,长沙市天心区
28.127259,112.974078,湖南省长沙市天心区新韶西路369号(书院南路与新韶西路交汇处东南角)
28.186573,112.990171,长沙市天心区
28.18946,112.978189,长沙市天心区
28.171104,112.988551,长沙市天心区
28.198157,112.981719,长沙市天心区
28.130228,112.998503,湖南省长沙市天心区青园路54号
28.128826,112.98081,长沙市天心区
28.182891,112.984765,长沙市天心区
28.187702,112.987206,长沙市天心区
28.197407,112.982485,长沙市天心区
28.141303,112.978352,长沙市天心区
28.131385,113.0016,长沙市天心区
28.192464,112.979146,长沙市天心区
28.177572,112.98233,长沙市天心区向东南路134号
28.189801,112.986399,长沙市长沙市蔡锷南路11号
28.14553,112.987708,湖南省长沙市天心区
28.144064,112.98786,湖南省长沙市天心区新开铺南二环银杏家园
28.130991,112.992733,长沙市天心区
28.128517,112.981527,湖南省长沙市天心区芙蓉南路新省政府旁
28.194308,112.977611,湖南省长沙市天心区坡子街人民西路半湘街社区北
28.178789,112.990462,长沙市天心区
28.136382,113.002379,长沙市天心区
28.138532,112.991289,长沙市天心区
28.170202,112.99121,长沙市天心区
28.188272,112.984076,长沙市天心区
28.17142,112.991992,湖南省长沙市天心区南湖路与芙蓉路交汇处西南角
28.132386,112.998784,长沙市天心区
28.169495,112.989597,长沙市天心区
28.169802,112.990768,长沙市天心区
28.176522,112.989963,长沙市天心区
28.146294,112.989385,长沙市天心区
28.172676,112.987154,长沙市天心区
28.145904,113.001218,长沙市天心区
28.133095,113.008175,长沙市天心区
28.160552,112.98813,长沙市天心区
28.172144,112.987387,长沙市天心区
28.126506,112.97646,湖南省长沙市天心区新开铺新韶西路鑫远熙山北门
28.177892,112.982918,向东南路向南解放四村363号112号老百姓大药房向北10米
28.131822,112.992107,长沙市天心区
28.172499,112.988167,长沙市天心区
28.140492,112.974519,长沙市天心区
28.179517,112.982144,长沙市天心区
28.145542,112.998279,长沙市天心区
28.161684,112.984998,长沙市天心区
28.172597,112.980049,长沙市天心区
28.147821,112.992369,长沙市天心区
28.166255,112.985905,湖南省长沙市天心区长坡二街湖南邮电职业技术学院东50米
28.158918,112.980241,书院南路东200米
28.187997,112.985149,长沙市天心区
28.352679,112.840977,长沙市望城县
28.284519,112.926854,长沙市望城县
28.251594,112.871907,长沙市望城县
28.13532,112.945263,岳麓区坪塘大道337号
28.140311,112.906225,长沙市岳麓区联丰路与象嘴路交叉口
28.29242,112.923144,长沙市望城县
28.289524,112.927814,长沙市望城县
28.268171,112.889898,岳麓望城区黄金乡香桥村雷锋大道与黄金大道交叉口东南角
28.256,112.873823,湖南省长沙市望城区雷锋大道尖山景区龙湖高尔夫球场对面
28.131742,112.94739,长沙市和顺路283号
28.200744,112.861341,湖南省长沙市望城区雷锋镇长沙绕城高速公路和润园
28.289769,112.932315,长沙市望城县
28.272164,112.886466,望城区雷锋大道839号
28.223942,112.847015,湖南省长沙市望城区雷高路
28.150612,112.895541,长沙市望城县
28.288287,112.937149,长沙市望城县
28.14378,112.9123,长沙市岳麓区联丰路
28.128706,112.95408,湖南省长沙市岳麓区福祥路65号
28.301447,112.912614,长沙市望城县
28.302002,112.931103,望城银杉路与普瑞大道交汇处东南角
28.351528,112.833817,长沙市望城县
28.477778,112.812497,长沙市望城县
28.259073,112.800337,麓延路与黄桥大道交汇处东北角
28.262606,112.894051,长沙市望城县
28.206908,112.856745,长沙市望城县
28.229043,112.846225,湖南省长沙市望城区麓谷金兰工业园1号
28.269945,112.886762,长沙市望城县
28.131491,112.914327,长沙市洋湖大道与含浦中路交叉口西南100米
28.273214,112.833282,长沙市望城县
28.143485,112.911161,长沙市望城县
28.363137,112.836449,长沙市望城县
28.42222,112.940192,102国道附近
28.352731,112.834433,长沙市望城县
28.316345,112.914193,长沙市望城县
28.134176,112.907139,长沙市望城县
28.288507,112.924377,长沙市望城县
28.135096,112.911568,长沙市望城县
28.288019,112.936416,长沙市望城县
28.138971,112.917269,含浦中路西50米
28.302646,112.909275,长沙市望城县
28.132181,112.905295,长沙市望城县
28.28484,112.918976,长沙市望城县
28.376852,112.910411,长沙市望城县
28.300976,112.916261,长沙市望城区普瑞大道278号
28.280459,112.884122,长沙市望城县
28.147863,112.896557,岳麓区南二环与长沙绕城高速交界处东北角（猴子石大桥向西5公里）
28.144916,112.911212,长沙市望城县
28.141789,112.881367,湖南省长沙市岳麓区X078
28.14391,112.900482,长沙市岳麓区象嘴路96号
28.457404,112.822197,长沙市望城县
28.302842,112.914982,湖南省长沙市望城区
28.141423,112.900277,长沙市望城县
28.366652,112.826117,长沙市望城县
28.375343,112.91151,长沙市望城县
28.208185,112.84886,长沙市望城县
28.097372,112.861493,长沙市望城县
28.301781,112.91449,长沙市望城区普瑞大道278号
28.287993,112.937238,长沙市望城县
28.281815,112.931264,长沙市望城县
28.322443,112.852068,长沙市望城县
28.116593,112.940344,湖南省长沙市岳麓区洋湖和园2栋(连山路南)
28.288223,112.925256,湖南省长沙市望城区金甲苑C4栋(金星北路西)
28.358256,112.823784,长沙市望城县
28.120436,112.942466,长沙市望城县
28.121951,112.944049,长沙市岳麓区景园路239号
28.277834,112.95199,长沙市望城县
28.148399,112.920237,长沙市望城县
28.150762,112.912821,长沙市望城县
28.209052,112.857041,长沙市望城县
28.136618,112.943957,湖南省长沙市岳麓区坪塘大道299号
28.147696,112.889409,长沙市望城县
28.313842,112.882084,湖南省长沙市望城区五啸KTV量贩(湖南商学院北津学院西北)
28.150305,112.912284,长沙市望城县
28.141921,112.911167,长沙市望城县
28.302745,112.913067,湖南省长沙市望城区星城镇中岭村(星城路与黄金大道交叉口东南角)
28.134829,112.911337,长沙市望城县
28.266358,112.890125,长沙市望城县
28.361589,112.818405,湖南省长沙市望城区高塘岭街道郭亮中路景悦・祥和文苑
28.289934,112.925243,长沙市望城县
28.145529,112.893439,长沙市岳麓区麓山别墅月亮湾60栋
28.145082,112.912637,长沙市望城县
28.342513,112.823271,喻家坡街道郭亮南路49号
28.466243,112.798157,保健街西150米
28.318177,112.869501,长沙市望城县
28.260255,112.878725,长沙市望城县
28.303311,112.917454,湖南省长沙市望城区
28.120814,112.941239,长沙市望城县
28.131139,112.95239,湖南省长沙市岳麓区蓝光・COCO蜜城(滨柳路南)
28.129621,112.901603,学士路与迎宾大道交叉口东南150米
28.141771,112.901475,长沙市望城县
28.318365,112.872922,长沙市望城区金星北路
28.360381,112.952821,长沙市望城县
28.119456,112.943687,长沙市望城县
28.299684,112.906887,长沙市望城区
28.277579,112.952971,长沙市望城县
28.121934,112.942603,湖南省长沙市岳麓区洋湖景园12栋(景园路南)
28.130853,112.905056,长沙市望城县
28.357428,112.846252,望城雷锋大道2399号(望城区政府新址对面)
28.279848,112.887864,湖南省长沙市望城区金园路
28.285098,112.935455,长沙市望城县
28.121351,112.941437,长沙市望城县
28.286262,112.921517,湖南省长沙市望城区月亮岛街道银星路望城区金峰宾馆附近
28.092205,112.932247,潇湘南大道西50米
28.300712,112.914326,长沙市望城区普瑞大道278号
28.303339,112.91434,湖南省长沙市望城区
28.36535,112.816994,长沙市望城区体育西路12号
28.26615,112.889934,长沙市望城区雷锋大道雷锋头像处的悦禧山庄内
28.373346,112.826917,长沙市望城县
28.315471,112.911307,长沙市望城县
28.362281,112.829384,长沙市望城县
28.121477,112.943843,长沙市望城县
28.144276,112.909875,长沙市望城县
28.13256,112.905428,长沙市望城县
28.140062,112.902328,长沙市望城县
28.287078,112.920311,湖南省长沙市望城区
28.351482,112.825644,湖南省长沙市望城区高塘岭街道郭亮中路实竹塘小区
28.139768,112.901155,象嘴路含浦家苑(湖南中医药大学附近)
28.285561,112.938111,长沙市望城县
28.147703,112.914302,湖南省长沙市岳麓区云栖路白鹤家园
28.119662,112.942837,湖南省长沙市岳麓区洋湖街道连塘路洋湖景园20栋
28.177161,113.048807,长沙市雨花区
28.184067,113.03475,长沙市雨花区
28.188143,113.046174,雨花区雨花区人民东路10号
28.159002,113.061181,长沙市雨花区
28.17309,113.049715,长沙市雨花区
28.154329,113.038809,长沙市雨花区
28.132819,113.055623,长沙市雨花区
28.141285,113.035364,湖南省长沙市雨花区圭塘路314号附近
28.151975,113.040799,长沙市雨花区
28.111204,113.015899,长沙市雨花区
28.142982,113.066612,湖南省长沙市雨花区香樟东路与花桥路的交叉处(武广新站南一公里)
28.149551,113.041934,长沙市雨花区
28.183066,113.029214,长沙市雨花区
28.149592,113.041795,长沙市雨花区
28.170848,113.034341,长沙市雨花区
28.145849,113.049397,雨花香雨一品位于雨花区香樟东路55号(香樟东路与体院路交汇处)
28.148147,113.042174,长沙市雨花区
28.15359,113.036191,长沙市雨花区
28.14421,113.048489,长沙市雨花区
28.159953,113.028238,长沙市雨花区
28.161616,113.030704,长沙市雨花区
28.127423,113.035161,长沙市雨花区圭塘路650号
28.14319,113.047074,长沙市雨花区
28.13623,113.052744,长沙市雨花区
28.13128,113.028571,长沙市雨花区
28.149578,113.041722,长沙市雨花区
28.130561,113.042305,长沙市雨花区
28.153667,113.040799,长沙市雨花区
28.185752,113.030232,长沙市雨花区
28.189538,113.030234,长沙市雨花区
28.158555,113.028997,长沙市雨花区
28.182585,113.029886,长沙市雨花区
28.165134,113.032574,劳动东路300号附近
28.138733,113.047387,长沙市雨花区
28.130616,113.045587,长沙市雨花区
28.17721,113.014051,长沙市雨花区
28.144624,113.049473,长沙市雨花区
28.130656,113.048139,长沙市雨花区
28.177116,113.008901,长沙市雨花区
28.17635,113.051676,长沙市雨花区
28.17114,113.03903,长沙市雨花区
28.131728,113.031991,长沙市雨花区
28.187931,112.999762,长沙市雨花区
28.12501,113.044167,长沙市雨花区
28.131619,113.031044,长沙市雨花区
28.175185,113.052732,长沙市雨花区
28.152629,113.048418,长沙市雨花区
28.173203,113.028917,长沙市雨花区
28.170834,113.030906,长沙市雨花区
28.180085,113.027758,湖南省长沙市雨花区民主路(高桥现代商贸城旁)
28.170457,113.034083,长沙市雨花区
28.160333,113.04085,湖南省长沙市雨花区黎托街道古曲南路长沙市沙湾公园旁
28.1735,113.046769,长沙市雨花区
28.162486,113.029426,长沙市雨花区
28.173623,113.03272,长沙市雨花区
28.181335,113.039409,长沙市雨花区
28.170482,113.039708,长沙市雨花区
28.191435,113.001854,长沙市开福区
28.139451,113.046502,长沙市雨花区
28.126923,113.043462,长沙市雨花区
28.172104,113.040175,新雨路南100米
28.172009,113.030942,长沙市雨花区
28.17025,113.033153,长沙市雨花区
28.169779,113.039737,长沙市雨花区
28.171502,113.029598,长沙市雨花区
28.137085,113.053921,长沙市雨花区
28.174913,113.049217,长沙市雨花区
28.119947,113.029376,长沙市雨花区
28.170927,113.031947,长沙市雨花区
28.150627,113.033328,长沙市雨花区
28.132315,113.04541,长沙市雨花区长塘路46号
28.170229,113.038999,长沙市雨花区
28.158465,113.037208,长沙市雨花区
28.172332,113.039767,长沙市雨花区
28.173672,112.997926,长沙市雨花区
28.179679,113.034587,长沙市雨花区
28.171838,113.041275,湖南省长沙市雨花区新雨路附近大桥三小区21栋附近
28.184125,113.03119,长沙市雨花区
28.182556,113.027377,长沙市雨花区
28.155588,113.051096,长沙市雨花区
28.171983,113.030313,长沙市雨花区
28.182972,113.033695,长沙市雨花区
28.171377,113.032582,长沙市雨花区
28.164267,113.034017,长沙市雨花区
28.177867,113.045976,长沙市雨花区
28.170719,113.039793,长沙市雨花区
28.13775,113.036904,长沙市雨花区
28.158671,113.039504,长沙市雨花区
28.146053,113.036612,长沙市雨花区
28.170351,113.03339,长沙市雨花区
28.134259,113.046192,长沙市雨花区
28.177979,113.062494,黎托乡合丰小区c5栋附近
28.171924,113.034785,长沙市雨花区
28.171337,113.040251,长沙市雨花区
28.174427,113.045282,长沙市雨花区
28.16989,113.028935,长沙市雨花区
28.17342,113.028876,湖南省长沙市雨花区高桥长沙大道新塘垅小区41栋
28.156363,113.039819,长沙市雨花区
28.173617,113.031973,长沙市雨花区
28.156346,113.051497,长沙市雨花区
28.172831,113.030768,长沙市雨花区
28.186458,113.035618,万家丽中路318号西子一间C栋1楼
28.152041,113.053999,香樟东路349号
28.188011,113.029212,长沙市雨花区
28.14611,113.028756,长沙市雨花区
28.170213,113.039314,湖南省长沙市雨花区山塘路与石坝路交叉口东北100米
28.151006,113.03075,长沙市雨花区
28.163147,113.059607,长沙市雨花区
28.177891,113.046156,长沙市雨花区
28.17116,113.039783,长沙市雨花区
28.170582,113.029518,长沙市雨花区
28.144426,113.042802,长沙市雨花区
28.187531,113.002442,长沙市雨花区
28.129303,113.028331,长沙市雨花区
28.170042,113.041309,长沙市雨花区
28.17003,113.040619,长沙市雨花区
28.170839,113.030349,长沙市雨花区
28.146925,113.027791,长沙市雨花区
28.168602,113.052838,长沙市雨花区
28.186684,113.028093,长沙市雨花区
28.218251,112.940669,长沙市岳麓区
28.223052,112.94994,长沙市岳麓区
28.250486,112.959645,长沙市岳麓区
28.250714,112.929721,长沙市岳麓区
28.230729,112.956251,长沙市岳麓区
28.218774,112.961355,长沙市岳麓区
28.264628,112.951445,长沙市岳麓区
28.23941,112.962446,湖南省长沙市岳麓区银盆北路
28.229102,112.946573,长沙市岳麓区
28.226572,112.943809,长沙市岳麓区
28.22097,112.955082,长沙市岳麓区
28.227584,112.944527,长沙市岳麓区
28.225924,112.960245,长沙市岳麓区银盆南路357号
28.239329,112.95112,长沙市岳麓区
28.231166,112.962213,长沙市岳麓区
28.234704,112.955774,长沙市岳麓区
28.216327,112.943702,长沙市岳麓区
28.218093,112.964074,长沙市岳麓区
28.234859,112.960594,长沙市岳麓区
28.227113,112.962011,长沙市岳麓区
28.253032,112.958826,长沙市岳麓区
28.233579,112.967989,长沙市岳麓区
28.223929,112.952619,长沙市岳麓区
28.224241,112.953277,湖南省长沙市岳麓区英才园居住小区3片1栋(桐梓坡路)
28.223021,112.94548,长沙市岳麓区
28.237456,112.963362,长沙市岳麓区
28.265603,112.962038,长沙市岳麓区
28.250518,112.959501,长沙市岳麓区
28.230741,112.942532,长沙市岳麓区
28.173946,112.939272,长沙市岳麓区
28.22467,112.961947,长沙市岳麓区
28.222637,112.958706,长沙市岳麓区
28.239385,112.908986,长沙市岳麓区
28.280877,112.929908,长沙市金星北路209号
28.267243,112.964608,长沙市岳麓区
28.249794,112.949221,长沙市岳麓区
28.241138,112.957483,长沙市岳麓区
28.220158,112.961304,长沙市岳麓区
28.229368,112.943936,长沙市岳麓区
28.263295,112.953147,长沙市岳麓区
28.25712,112.968575,长沙市岳麓区
28.222158,112.960312,长沙市岳麓区
28.238084,112.909356,长沙市岳麓区
28.259094,112.956635,长沙市岳麓区
28.223527,112.952468,长沙市岳麓区
28.221353,112.861408,长沙市岳麓区
28.264732,112.965078,长沙市岳麓区
28.208152,112.891138,长沙市岳麓区
28.261664,112.960191,长沙市岳麓区
28.275538,112.932791,金星北路西100米
28.245852,112.953467,长沙市岳麓区
28.219011,112.953393,长沙市岳麓区
28.224309,112.964561,长沙市岳麓区
28.240982,112.959134,长沙市岳麓区
28.225958,112.942204,长沙市岳麓区
28.220681,112.961231,长沙市岳麓区
28.237134,112.953649,长沙市岳麓区
28.229393,112.943368,长沙市岳麓区
28.216776,112.941019,长沙市岳麓区
28.219351,112.959647,望月公园内(原王陵公园内)
28.234185,112.953304,湖南省长沙市岳麓区观沙岭岳华路银馨家园B区10栋
28.21818,112.898688,长沙市岳麓区
28.266064,112.953364,长沙市岳麓区
28.249348,112.949854,长沙市岳麓区
28.239986,112.959503,长沙市岳麓区
28.253256,112.958628,长沙市岳麓区
28.197972,112.960334,长沙市岳麓区
28.263829,112.953116,长沙市岳麓区
28.249127,112.944832,长沙市岳麓区
28.226859,112.945999,长沙市岳麓区
28.247427,112.945001,长沙市岳麓区
28.234851,112.961788,长沙市岳麓区
28.218054,112.914264,咸嘉湖街道咸嘉湖西路馨香雅苑2栋
28.264397,112.963651,湖南省长沙市岳麓区观沙岭街道银杉路银谷北津城
28.259043,112.949527,长沙市岳麓区
28.233544,112.968167,长沙市岳麓区
28.229126,112.963251,长沙市岳麓区
28.228151,112.939086,长沙市岳麓区
28.24956,112.949855,长沙市岳麓区
28.265189,112.951191,长沙市岳麓区
28.213141,112.959953,长沙市岳麓区
28.265922,112.957893,长沙市岳麓区
28.268176,112.955309,岳华路与支路六交叉口北200米
28.241333,112.953365,长沙市岳麓区
28.221152,112.959755,长沙市岳麓区
28.241053,112.955212,长沙市岳麓区
28.227562,112.942858,长沙市岳麓区
28.196186,112.889494,长沙市岳麓区璞丽13栋108号
28.208583,112.920688,长沙市岳麓区
28.238389,112.959634,长沙市岳麓区
28.171322,112.955441,长沙市岳麓区
28.250487,112.959149,湖南省长沙市岳麓区观沙岭银杉路茶子山小区(A区)
28.200312,112.879581,长沙市岳麓区
28.229525,112.951022,长沙市岳麓区
28.224831,112.914918,长沙市岳麓区
28.234633,112.953315,湖南省长沙市岳麓区岳华路银馨家园(B区)
28.242299,112.954031,湖南省长沙市岳麓区含光路煤矿安全仪器厂家属区
28.258836,112.957385,长沙市岳麓区
28.247733,112.957687,长沙市岳麓区
28.220765,112.953316,湖南省长沙市岳麓区桐梓坡英才园居住小区124号
28.213837,112.960587,长沙市岳麓区
28.242747,112.956757,长沙市岳麓区
28.196323,112.888419,长沙市岳麓区璞丽13栋1楼
28.216258,112.907614,长沙市岳麓区
28.247716,112.953287,长沙市岳麓区
28.258952,112.963446,长沙市岳麓区
28.220974,112.924725,长沙市岳麓区
28.238739,112.907285,永青路东150米
28.224487,112.943767,长沙市岳麓区
28.229642,112.920746,长沙市岳麓区
28.219364,112.961243,长沙市岳麓区
28.224638,112.933294,长沙市岳麓区
28.226802,112.88348,桐梓坡西路保利麓谷林语f区7栋
28.242087,112.955204,长沙市岳麓区
28.235927,112.914568,湖南省长沙市岳麓区宜居莱茵城A16号楼(雷锋大道东)
28.219256,112.960793,长沙市岳麓区
28.216733,112.899248,湖南省长沙市岳麓区麓谷文轩路麓园小区麓园北门
28.236466,112.915578,长沙市岳麓区
28.250354,112.945067,长沙市岳麓区
28.226223,112.943609,长沙市岳麓区
28.060126,113.010247,长沙市长沙县
28.227816,113.143799,长沙市长沙县
28.219386,113.130926,长沙市长沙县
28.252278,113.099004,长沙市长沙县
28.225381,113.110939,长沙市长沙县
28.254541,113.169851,长沙市长沙县
28.276481,113.078044,长沙市长沙县滨湖西路12号
28.233997,113.12664,长沙市长沙县
28.229422,113.139613,长沙市长沙县
28.260303,113.069009,长沙市长沙县
28.233013,113.140135,长沙市长沙县
28.232675,113.118753,长沙市长沙县
28.222082,113.120072,长沙市长沙县
28.141468,113.118818,长沙市长沙县
28.255176,113.123208,湖南省长沙市长沙县开元东路
28.21279,113.204599,长沙市长沙县
28.275747,113.074117,湖南省长沙市长沙县星沙镇滨湖西路26号
28.272255,113.058205,湖南省长沙市长沙县城西万家丽路山水湾的正对面
28.218878,113.117128,长沙市长沙县
28.245343,113.090686,湖南省长沙市长沙县星沙大道长沙经济技术开发区中央公馆
28.267756,113.068778,长沙市长沙县
28.273401,113.070021,长沙市长沙县
28.237602,113.120544,长沙市长沙县
28.215344,113.12823,湖南省长沙市长沙县泉塘街道黄兴大道泉塘三期安置区19栋
28.215535,113.128217,湖南省长沙市长沙县泉塘街道黄兴大道泉塘三期安置区17栋
28.323433,113.094074,长沙市长沙县
28.218122,113.119102,长沙市长沙县
28.218098,113.117816,长沙市长沙县
28.24598,113.117025,湖南省长沙市长沙县东六路与凉塘东路交叉口西南200米
28.220346,113.117189,长沙市长沙县
28.217901,113.117813,长沙市长沙县
28.257098,113.104936,长沙市长沙县
28.231904,113.127747,长沙市长沙县
28.221357,113.117776,长沙市长沙县
28.23593,113.116362,湖南省长沙市长沙县东六路长沙经济技术开发区星城国际
28.222075,113.120075,长沙市长沙县
28.218085,113.117138,长沙市长沙县
28.250088,113.236488,长沙市长沙县
28.236877,113.116458,长沙市长沙县
28.229988,113.122284,长沙市长沙县小塘路88号
28.279901,113.077216,长沙市长沙县
28.236322,113.196195,湖南省长沙市长沙县黄花镇黄花路黄花中心广场1号楼
28.27991,113.078225,湖南省长沙市长沙县经济技术开发区湖南金鹰机电大市场
28.236411,113.120459,长沙市长沙县
28.254813,113.121402,棠坡路北150米
28.236891,113.117515,长沙市长沙县
28.258311,113.081707,东升路77号长沙县水利水电局住宅小区(南门)附近
28.259744,113.121596,特立东路南100米
28.237417,113.118945,长沙市长沙县
28.232231,113.121808,长沙市长沙县
28.257331,113.097453,湖南省长沙市长沙县华润・凤凰城倚云府(望仙东路南)
28.232243,113.156923,长沙市长沙县
28.258195,113.097575,长沙市长沙县
28.214731,113.127757,长沙市长沙县东七路
28.27619,113.058971,长沙市长沙县
28.275094,113.067966,长沙市长沙县
28.322759,113.225452,长沙市长沙县田汉路西150米
28.256057,113.121451,望仙东路西150米
28.233803,113.116615,长沙市长沙县
28.231643,113.156923,长沙市长沙县
28.236186,113.11765,长沙市长沙县
28.220656,113.120287,长沙市长沙县
28.229352,113.157779,长沙市长沙县
28.255964,113.123487,长沙市长沙县
28.234548,113.12366,长沙市长沙县
28.227451,113.12306,长沙市长沙县
28.259052,113.123917,湖南省长沙市长沙县望仙东路长沙经济技术开发区金鹰小学
28.251641,113.122848,长沙市长沙县
28.21429,113.128941,长沙市长沙县
28.230019,113.202649,长沙市长沙县
28.263092,113.076018,长沙市长沙县
28.257162,113.122902,东七路与望仙东路交叉口西150米
28.257779,113.091878,长沙市长沙县
28.282316,113.077884,湖南省长沙市长沙县经济技术开发区湖南金鹰机电大市场
28.222047,113.123951,长沙市长沙县
28.230688,113.092594,长沙市长沙县
28.259977,113.118969,长沙市长沙县
28.259514,113.122923,湖南省长沙市长沙县望仙东路长沙经济技术开发区金鹰小学
28.222257,113.123849,长沙市长沙县
28.257407,113.117254,东六路与望仙东路交叉口西100米
28.259556,113.119495,湖南省长沙市长沙县特立东路长沙经济技术开发区金鹰小学
28.272567,113.071187,长沙市长沙县贺龙体校路6号
28.252538,113.072223,长沙市长沙县
28.258009,113.119475,东六路与望仙东路交叉口东北200米
28.281311,113.077756,长沙市长沙县
28.230719,113.202225,长沙市长沙县
28.21346,113.128951,湖南省长沙市长沙县泉塘街道黄兴大道泉塘三期安置区36栋
28.232735,113.118924,漓湘东路93号附近
28.231484,113.068504,长沙市长沙县
28.221443,113.124559,长沙市长沙县
28.245975,113.09074,湖南省长沙市长沙县星沙大道长沙经济技术开发区中央公馆
28.218655,113.119089,长沙市长沙县
28.283268,113.093622,长沙市长沙县
28.223046,113.115688,长沙市长沙县
28.251759,113.131134,长沙市长沙县
28.24494,113.117033,长沙市长沙县
28.218858,113.116398,长沙市长沙县
28.259746,113.120169,湖南省长沙市长沙县东七路长沙经济技术开发区金鹰小学
28.270977,113.083273,长沙市长沙县
28.06515,113.011181,长沙市天心区万家丽南路999号格兰小镇4栋103
28.217895,113.117132,长沙市长沙县
28.235889,113.197217,湖南省长沙市长沙县黄花镇黄花路黄花中心广场30号楼
28.220357,113.11936,东六路与泉源路交叉口东南150米
28.273191,113.071519,长沙市长沙县
28.257377,113.12339,东七路与望仙东路交叉口西北100米
28.258122,113.117575,长沙市长沙县
28.230312,113.202576,长沙市长沙县
28.259333,113.122916,东七路与特立东路交叉口西南200米
28.221701,113.119945,长沙市长沙县
28.272567,113.090046,湖南省长沙市长沙县碧桂园・威尼斯城翠林水岸
28.279444,113.090227,长沙市星沙大道碧桂园威尼斯城水木春华17号
28.21989,113.117758,长沙市长沙县
28.220929,113.125007,长沙市长沙县
28.220536,113.117185,长沙市长沙县
28.283668,113.094638,长沙市长沙县
28.278529,113.062131,长沙市长沙县
28.235933,113.116923,湖南省长沙市长沙县社塘路长沙经济技术开发区星城国际
28.278685,113.071074,长沙市长沙县
28.256603,113.096362,长沙市长沙县
28.253696,113.103269,长沙市长沙县
